0x00000180, 1
0x00000200, 1
0x000002a0, 1
0x00000320, 1
0x000003c0, 1
0x00000400, 1
0x000004a0, 1
0x00000540, 1
0x000005e0, 1
0x00000600, 1
0x00000680, 1
0x00000720, 1
0x000007c0, 1
0x00000800, 1
0x000008a0, 1
0x00000fa0, 1
0x00001000, 1
0x000010a0, 1
0x00001140, 1
0x000011e0, 1
0x00001200, 1
0x000012a0, 1
0x000012e0, 1
0x00001500, 1
0x000015a0, 1
0x00001600, 1
0x000016a0, 1
0x00001740, 1
0x00001780, 1
0x00001800, 1
0x00001820, 1
0x000018c0, 1
0x00001960, 1
0x00001a00, 1
0x00001c20, 1
0x00001cc0, 1
0x00002ee0, 1
0x00003000, 1
0x000030a0, 1
0x00003d40, 1
0x00004000, 1
0x00006400, 1
0x00006600, 1
0x000066a0, 1
0x00006740, 1
0x000067e0, 1
0x00006800, 1
0x000068c0, 1
0x00007000, 1
0x0000c2a0, 1
0x0000c340, 1
0x0000c3e0, 1
0x0000c400, 1
0x0000c4a0, 1
0x0000c540, 1
0x0000c9c0, 1
0x0000ca00, 1
0x00017200, 1
0x000172a0, 1
0x00017ea0, 1
0x00017f40, 1
0x00017fe0, 1
0x00018000, 1
0x000180a0, 1
0x00018240, 1
0x000182e0, 1
0x00018380, 1
0x00018400, 1
0x000184a0, 1
0x00018540, 1
0x000185e0, 1
0x00018600, 1
0x000186a0, 1
0x00018860, 1
0x00018920, 1
0x000189c0, 1
0x00019620, 1
0x00019720, 1
0x000198c0, 1
0x00019a60, 1
0x00019b00, 1
0x00019ba0, 1
0x00019c00, 1
0x00019de0, 1
0x00019e00, 1
0x00019e80, 1
0x00019f20, 1
0x00019fc0, 1
0x0001a0c0, 1
0x0001a220, 1
0x0001a2c0, 1
0x0001a2e0, 1
0x0001a380, 1
0x0001a820, 1
0x0001a8c0, 1
0x0001a960, 1
0x0001a980, 1
0x0001aa00, 1
0x0001aca0, 1
0x0001acc0, 1
0x0001ad60, 1
0x0001ae00, 1
0x0001af00, 1
0x0001af40, 1
0x0001d580, 1
0x0001d600, 1
0x0001d800, 1
0x0001d960, 1
0x0001da00, 1
0x0001dc40, 1
0x0001dc60, 1
0x0001dca0, 1
0x0001dd40, 1
0x0001df80, 1
0x0001e000, 1
0x0001e0a0, 1
0x0001e1a0, 1
0x0001e3a0, 1
0x0001e580, 1
0x0001e600, 1
0x0001e620, 1
0x0001e680, 1
0x0001e720, 1
0x0001e7c0, 1
0x0001e800, 1
0x0001e8a0, 1
0x0001e940, 1
0x0001ea00, 1
0x0001eaa0, 1
0x0001eee0, 1
0x0001ef80, 1
0x0001f000, 1
0x0001f2a0, 1
0x0001f800, 1
0x0001f8a0, 1
0x0001f940, 1
0x0001f9e0, 1
0x0001fa00, 1
0x0001faa0, 1
0x000202c0, 1
0x000204a0, 1
0x00020540, 1
0x000205e0, 1
0x00020600, 1
0x000206a0, 1
0x00023e00, 1
0x00023ec0, 1
0x00023f60, 1
0x00024000, 1
0x000240a0, 1
0x00024100, 1
0x00024140, 1
0x000241e0, 1
0x00024200, 1
0x000242a0, 1
0x000242c0, 1
0x00024340, 1
0x000243c0, 1
0x000243e0, 1
0x00024400, 1
0x000244a0, 1
0x000245c0, 1
0x00024600, 1
0x00024680, 1
0x000246a0, 1
0x000247a0, 1
0x000248a0, 1
0x00024980, 1
0x00024a00, 1
0x00024aa0, 1
0x00024ae0, 1
0x00024b80, 1
0x00024d00, 1
0x00024da0, 1
0x00025640, 1
0x00025680, 1
0x00025ea0, 1
0x00025fc0, 1
0x00026000, 1
0x000264c0, 1
0x00026e60, 1
0x00026f00, 1
0x000281c0, 1
0x00028200, 1
0x000282a0, 1
0x000283c0, 1
0x00028400, 1
0x000284a0, 1
0x00028580, 1
0x00028a40, 1
0x00028b00, 1
0x00034540, 1
0x000345e0, 1
0x00034660, 1
0x0003d920, 1
0x0003db20, 1
0x0003dca0, 1
0x0003e140, 1
0x0003e1e0, 1
0x0003e200, 1
0x0003e2a0, 1
0x0003e2c0, 1
0x0003e360, 1
0x0003e400, 1
0x0003e4a0, 1
0x0003e500, 1
0x0003e540, 1
0x0003e5e0, 1
0x0003e600, 1
0x0003e660, 1
0x0003e700, 1
0x0003e7a0, 1
0x0003e800, 1
0x0003e820, 1
0x0003e960, 1
0x0003ea00, 1
0x0003eaa0, 1
0x0003eae0, 1
0x0003eb80, 1
0x0003ec00, 1
0x0003eca0, 1
0x0003ede0, 1
0x0003ee00, 1
0x0003eea0, 1
0x0003ef40, 1
0x0003efe0, 1
0x0003f000, 1
0x0003f0a0, 1
0x0003f140, 1
0x0003f2a0, 1
0x0003f2e0, 1
0x0003f380, 1
0x0003f400, 1
0x0003f4c0, 1
0x0003f560, 1
0x0003f680, 1
0x0003f720, 1
0x0003f7c0, 1
0x0003f800, 1
0x0003f8c0, 1
0x0003f960, 1
0x0003f9a0, 1
0x0003fa00, 1
0x0003fbe0, 1
0x0003fc00, 1
0x0003ffa0, 1
0x00040580, 1
0x000405a0, 1
0x00041000, 1
0x00255760, 1
0x002557a0, 1
0x00255920, 1
0x00255940, 1
0x00255960, 1
0x00255980, 1
0x002559c0, 1
0x002559e0, 1
0x00255a20, 1
0x00255a40, 1
0x00255d80, 1
0x00255fc0, 1
0x00256000, 1
0x002561a0, 1
0x002561e0, 1
0x00256260, 1
0x00256280, 1
0x002562a0, 1
0x002562c0, 1
0x002562e0, 1
0x00256300, 1
0x00256320, 1
0x00256340, 1
0x00256360, 1
0x00256380, 1
0x00256400, 1
0x00256420, 1
0x00256440, 1
0x002565c0, 1
0x002565e0, 1
0x00256600, 1
0x00256620, 1
0x00256640, 1
0x00256660, 1
0x00256680, 1
0x002566a0, 1
0x002566c0, 1
0x002566e0, 1
0x00256700, 1
0x00256720, 1
0x00256760, 1
0x00256820, 1
0x002569e0, 1
0x00256a00, 1
0x00256a40, 1
0x00256a60, 1
0x00256a80, 1
0x00256aa0, 1
0x00256ac0, 1
0x00256b00, 1
0x00256b20, 1
0x00256b80, 1
0x00256ba0, 1
0x00256be0, 1
0x00256e20, 1
0x00256e40, 1
0x00256ee0, 1
0x00256f00, 1
0x00256f20, 1
0x00256f40, 1
0x00256f60, 1
0x00256f80, 1
0x00256fa0, 1
0x00256fc0, 1
0x00257000, 1
0x00257020, 1
0x00257040, 1
0x00257060, 1
0x00257080, 1
0x002570c0, 1
0x002572a0, 1
0x002572c0, 1
0x002572e0, 1
0x00257300, 1
0x00257320, 1
0x00257440, 1
0x00257500, 1
0x00257680, 1
0x002576a0, 1
0x002576c0, 1
0x00257700, 1
0x00257760, 1
0x002577c0, 1
0x002577e0, 1
0x00257800, 1
0x00257820, 1
0x002578e0, 1
0x00257920, 1
0x00257ac0, 1
0x00257b00, 1
0x00257b40, 1
0x00257b60, 1
0x00257b80, 1
0x00257ba0, 1
0x00257bc0, 1
0x00257c00, 1
0x00257c20, 1
0x00257c40, 1
0x00257c60, 1
0x00257c80, 1
0x00257ca0, 1
0x00257f00, 1
0x00257f20, 1
0x00257fc0, 1
0x00257fe0, 1
0x00258000, 1
0x00258020, 1
0x00258040, 1
0x00258180, 1
0x00258300, 1
0x00258320, 1
0x00258340, 1
0x00258360, 1
0x00258380, 1
0x002583a0, 1
0x002583c0, 1
0x002583e0, 1
0x00258400, 1
0x00258420, 1
0x00258440, 1
0x00258460, 1
0x00258480, 1
0x002584a0, 1
0x002584c0, 1
0x002584e0, 1
0x00258500, 1
0x002585c0, 1
0x00258740, 1
0x00258760, 1
0x002587a0, 1
0x002587c0, 1
0x002587e0, 1
0x00258800, 1
0x00258820, 1
0x00258840, 1
0x00258860, 1
0x00258880, 1
0x002588a0, 1
0x002588c0, 1
0x002588e0, 1
0x002589a0, 1
0x002589e0, 1
0x00258b60, 1
0x00258ce0, 1
0x00258d00, 1
0x00258d20, 1
0x00258e00, 1
0x00258e20, 1
0x00258fa0, 1
0x00258fc0, 1
0x00258fe0, 1
0x00259000, 1
0x00259020, 1
0x00259040, 1
0x00259060, 1
0x00259080, 1
0x002590a0, 1
0x002590c0, 1
0x002590e0, 1
0x00259100, 1
0x00259120, 1
0x00259140, 1
0x00259540, 1
0x00259580, 1
0x002595a0, 1
0x002595c0, 1
0x00259800, 1
0x00259820, 1
0x00259840, 1
0x002598a0, 1
0x002598c0, 1
0x002598e0, 1
0x00259900, 1
0x00259920, 1
0x00259940, 1
0x00259960, 1
0x00259980, 1
0x002599a0, 1
0x00259a20, 1
0x00259a40, 1
0x00259a60, 1
0x00259aa0, 1
0x00259c20, 1
0x00259c40, 1
0x00259c60, 1
0x00259c80, 1
0x00259ca0, 1
0x00259cc0, 1
0x00259ce0, 1
0x00259d00, 1
0x00259d20, 1
0x00259d40, 1
0x00259d60, 1
0x00259d80, 1
0x00259e00, 1
0x0025a060, 1
0x0025a080, 1
0x0025a0a0, 1
0x0025a0c0, 1
0x0025a0e0, 1
0x0025a100, 1
0x0025a120, 1
0x0025a140, 1
0x0025a180, 1
0x0025a1a0, 1
0x0025a1c0, 1
0x0025a1e0, 1
0x0025a2c0, 1
0x0025a300, 1
0x0025a480, 1
0x0025a4a0, 1
0x0025a4c0, 1
0x0025a4e0, 1
0x0025a500, 1
0x0025a520, 1
0x0025a540, 1
0x0025a560, 1
0x0025a580, 1
0x0025a5a0, 1
0x0025a5c0, 1
0x0025a5e0, 1
0x0025a600, 1
0x0025a620, 1
0x0025a640, 1
0x0025a660, 1
0x0025a680, 1
0x0025a740, 1
0x0025a8c0, 1
0x0025a8e0, 1
0x0025a900, 1
0x0025a920, 1
0x0025a940, 1
0x0025a960, 1
0x0025a980, 1
0x0025a9a0, 1
0x0025a9c0, 1
0x0025a9e0, 1
0x0025aa00, 1
0x0025aa40, 1
0x0025aa60, 1
0x0025ab60, 1
0x0025ace0, 1
0x0025ad20, 1
0x0025ade0, 1
0x0025ae00, 1
0x0025ae40, 1
0x0025ae60, 1
0x0025ae80, 1
0x0025aea0, 1
0x0025aec0, 1
0x0025aee0, 1
0x0025afa0, 1
0x0025b120, 1
0x0025b5c0, 1
0x0025b6c0, 1
0x0025b800, 1
0x0025b980, 1
0x0025b9a0, 1
0x0025b9c0, 1
0x0025b9e0, 1
0x0025ba20, 1
0x0025ba40, 1
0x0025ba60, 1
0x0025ba80, 1
0x0025baa0, 1
0x0025bac0, 1
0x0025bae0, 1
0x0025bb00, 1
0x0025bb20, 1
0x0025bbe0, 1
0x0025bc20, 1
0x0025bda0, 1
0x0025be00, 1
0x0025be60, 1
0x0025be80, 1
0x0025bec0, 1
0x0025bee0, 1
0x0025bf00, 1
0x0025bf20, 1
0x0025bfa0, 1
0x0025c000, 1
0x0025c020, 1
0x0025c040, 1
0x0025c060, 1
0x0025c1e0, 1
0x0025c200, 1
0x0025c220, 1
0x0025c240, 1
0x0025c260, 1
0x0025c280, 1
0x0025c2a0, 1
0x0025c2c0, 1
0x0025c2e0, 1
0x0025c300, 1
0x0025c320, 1
0x0025c340, 1
0x0025c360, 1
0x0025c380, 1
0x0025c400, 1
0x0025c420, 1
0x0025c440, 1
0x0025c480, 1
0x0025c600, 1
0x0025c620, 1
0x0025c640, 1
0x0025c660, 1
0x0025c680, 1
0x0025c6a0, 1
0x0025c6c0, 1
0x0025c6e0, 1
0x0025c700, 1
0x0025c720, 1
0x0025c740, 1
0x0025c760, 1
0x0025c7a0, 1
0x0025c7c0, 1
0x0025c7e0, 1
0x0025c800, 1
0x0025c8c0, 1
0x0025ca40, 1
0x0025ca60, 1
0x0025ca80, 1
0x0025caa0, 1
0x0025cac0, 1
0x0025cce0, 1
0x0025ce60, 1
0x0025ce80, 1
0x0025cea0, 1
0x0025cec0, 1
0x0025cee0, 1
0x0025cf00, 1
0x0025cf20, 1
0x0025cf40, 1
0x0025d000, 1
0x0025d020, 1
0x0025d040, 1
0x0025d2e0, 1
0x0025d6c0, 1
0x0025d800, 1
0x0025d8c0, 1
0x0025d980, 1
0x0025db00, 1
0x0025db20, 1
0x0025db40, 1
0x0025db60, 1
0x0025db80, 1
0x0025dba0, 1
0x0025dbc0, 1
0x0025dbe0, 1
0x0025dc00, 1
0x0025dc20, 1
0x0025dc40, 1
0x003fffe0, 1
0x00ab5860, 1
0x00ab5940, 1
0x00ab59a0, 1
0x00ab59c0, 1
0x00ab59e0, 1
0x00ab5c00, 1
0x00ab5c80, 1
0x00ab5ce0, 1
0x00ab6020, 1
0x00ab63a0, 1
0x00ab6400, 1
0x00ab6420, 1
0x00ab6440, 1
0x00ab6460, 1
0x00ab6480, 1
0x00ab64a0, 1
0x00ab64c0, 1
0x00ab64e0, 1
0x00ab6500, 1
0x00ab6520, 1
0x00ab6540, 1
0x00ab6560, 1
0x00ab6580, 1
0x00ab65a0, 1
0x00ab65c0, 1
0x00ab65e0, 1
0x00ab6600, 1
0x00ab6620, 1
0x00ab6660, 1
0x00ab6880, 1
0x00ab68a0, 1
0x00ab6a00, 1
0x00ab6a20, 1
0x00ab6ac0, 1
0x00ab6ae0, 1
0x00ab6b00, 1
0x00ab6b20, 1
0x00ab6b40, 1
0x00ab6ba0, 1
0x00ab6c00, 1
0x00ab6c20, 1
0x00ab6c40, 1
0x00ab6ca0, 1
0x00ab6cc0, 1
0x00ab6d40, 1
0x00ab6d80, 1
0x00ab6da0, 1
0x00ab6ee0, 1
0x00ab6f20, 1
0x00ab6f40, 1
0x00ab6f60, 1
0x00ab6f80, 1
0x00ab6fc0, 1
0x00ab6fe0, 1
0x00ab7000, 1
0x00ab7060, 1
0x00ab7080, 1
0x00ab70a0, 1
0x00ab70c0, 1
0x00ab70e0, 1
0x00ab7100, 1
0x00ab7120, 1
0x00ab7140, 1
0x00ab7160, 1
0x00ab7180, 1
0x00ab71a0, 1
0x00ab71c0, 1
0x00ab71e0, 1
0x00ab7200, 1
0x00ab7240, 1
0x00ab7280, 1
0x00ab72a0, 1
0x00ab72c0, 1
0x00ab72e0, 1
0x00ab7300, 1
0x00ab7320, 1
0x00ab7340, 1
0x00ab7360, 1
0x00ab7380, 1
0x00ab73c0, 1
0x00ab73e0, 1
0x00ab7400, 1
0x00ab7420, 1
0x00ab7440, 1
0x00ab7460, 1
0x00ab7480, 1
0x00ab74a0, 1
0x00ab74c0, 1
0x00ab74e0, 1
0x00ab7500, 1
0x00ab7520, 1
0x00ab7540, 1
0x00ab7560, 1
0x00ab7580, 1
0x00ab75a0, 1
0x00ab75c0, 1
0x00ab75e0, 1
0x00ab7600, 1
0x00ab7640, 1
0x00ab7660, 1
0x00ab7680, 1
0x00ab76a0, 1
0x00ab76e0, 1
0x00ab7700, 1
0x00ab7720, 1
0x00ab7740, 1
0x00ab7760, 1
0x00ab7780, 1
0x00ab77a0, 1
0x00ab7840, 1
0x00ab7860, 1
0x00ab78a0, 1
0x00ab78c0, 1
0x00ab78e0, 1
0x00ab7940, 1
0x00ab7960, 1
0x00ab7c00, 1
0x00ab7c80, 1
0x00ab7ce0, 1
0x00ab7d00, 1
0x00ab7d40, 1
0x00ab7fe0, 1
0x00ab8000, 1
0x00ab8020, 1
0x00ab8160, 1
0x00ab8360, 1
0x00ab83a0, 1
0x00ab83c0, 1
0x00ab83e0, 1
0x00ab8400, 1
0x00ab8420, 1
0x00ab8440, 1
0x00ab8460, 1
0x00ab8480, 1
0x00ab84a0, 1
0x00ab84c0, 1
0x00ab84e0, 1
0x00ab8500, 1
0x00ab8520, 1
0x00ab8540, 1
0x00ab8560, 1
0x00ab8580, 1
0x00ab85a0, 1
0x00ab85c0, 1
0x00ab85e0, 1
0x00ab8600, 1
0x00ab8620, 1
0x00ab8640, 1
0x00ab8660, 1
0x00ab8680, 1
0x00ab86c0, 1
0x00ab86e0, 1
0x00ab8700, 1
0x00ab8720, 1
0x00ab8780, 1
0x00ab87a0, 1
0x00ab8880, 1
0x00ab88a0, 1
0x00ab88c0, 1
0x00ab8960, 1
0x00ab89c0, 1
0x00ab89e0, 1
0x00ab8a00, 1
0x00ab8a20, 1
0x00ab8a40, 1
0x00ab8aa0, 1
0x00ab8ac0, 1
0x00ab8ae0, 1
0x00ab8b00, 1
0x00ab8b20, 1
0x00ab8b40, 1
0x00ab8b80, 1
0x00ab8ba0, 1
0x00ab8bc0, 1
0x00ab8c40, 1
0x00ab8cc0, 1
0x00ab8d00, 1
0x00ab8d40, 1
0x00ab8ee0, 1
0x00ab8f00, 1
0x00ab8f20, 1
0x00ab8f40, 1
0x00ab8f60, 1
0x00ab8f80, 1
0x00ab8fc0, 1
0x00ab8fe0, 1
0x00ab9000, 1
0x00ab9020, 1
0x00ab9040, 1
0x00ab9060, 1
0x00ab9080, 1
0x00ab90a0, 1
0x00ab90c0, 1
0x00ab90e0, 1
0x00ab9100, 1
0x00ab9120, 1
0x00ab9140, 1
0x00ab91a0, 1
0x00ab92a0, 1
0x00ab92c0, 1
0x00ab92e0, 1
0x00ab9300, 1
0x00ab9320, 1
0x00ab9360, 1
0x00ab9380, 1
0x00ab93c0, 1
0x00ab93e0, 1
0x00ab9440, 1
0x00ab9460, 1
0x00ab9480, 1
0x00ab94a0, 1
0x00ab94c0, 1
0x00ab94e0, 1
0x00ab9500, 1
0x00ab9520, 1
0x00ab9540, 1
0x00ab9560, 1
0x00ab9580, 1
0x00ab95a0, 1
0x00ab95c0, 1
0x00ab95e0, 1
0x00ab9600, 1
0x00ab9640, 1
0x00ab9660, 1
0x00ab9680, 1
0x00ab96a0, 1
0x00ab96c0, 1
0x00ab96e0, 1
0x00ab9700, 1
0x00ab9720, 1
0x00ab9740, 1
0x00ab9760, 1
0x00ab9780, 1
0x00ab97a0, 1
0x00ab97c0, 1
0x00ab9820, 1
0x00ab9840, 1
0x00ab9860, 1
0x00ab9880, 1
0x00ab98a0, 1
0x00ab98c0, 1
0x00ab98e0, 1
0x00ab9900, 1
0x00ab9940, 1
0x00ab9960, 1
0x00ab9ae0, 1
0x01ab9b20, 1
0x01ab9c40, 1
0x01ab9c60, 1
0x01ab9c80, 1
0x01ab9ca0, 1
0x01ab9cc0, 1
0x01ab9ce0, 1
0x01ab9d00, 1
0x01ab9d20, 1
0x01ab9d40, 1
0x01ab9d60, 1
0x01ab9dc0, 1
0x01abbdc0, 1
0x01abbde0, 1
0x01abbe00, 1
0x01abbe60, 1
0x01abbe80, 1
0x01abbea0, 1
0x01abbec0, 1
0x01abbee0, 1
0x01ac9dc0, 1
0x01ac9de0, 1
0x01ac9e00, 1
0x01ac9e20, 1
0x01ac9e40, 1
0x01ac9e60, 1
0x01ac9e80, 1
0x01ac9ea0, 1
0x01ac9ec0, 1
0x01ac9ee0, 1
0x01ac9f00, 1
0x01ac9f20, 1
0x01ac9f40, 1
0x01ac9f60, 1
0x01ac9f80, 1
0x01ac9fa0, 1
0x01ac9fc0, 1
0x01ac9fe0, 1
0x01aca060, 1
0x01aca080, 1
0x01aca1a0, 1
0x01aca1c0, 1
0x01aca1e0, 1
0x01aca200, 1
0x01aca220, 1
0x01aca240, 1
0x01aca260, 1
0x01aca280, 1
0x01aca2a0, 1
0x01aca2c0, 1
0x01aca2e0, 1
0x01aca300, 1
0x01aca320, 1
0x01aca340, 1
0x01aca3c0, 1
0x01aca3e0, 1
0x01aca400, 1
0x01aca4a0, 1
0x01aca4c0, 1
0x01aca4e0, 1
0x01aca500, 1
0x01aca520, 1
0x01aca540, 1
0x01aca560, 1
0x01aca580, 1
0x01aca5a0, 1
0x01aca5c0, 1
0x01aca5e0, 1
0x01aca600, 1
0x01aca620, 1
0x01aca640, 1
0x01aca660, 1
0x01aca680, 1
0x01aca6a0, 1
0x01aca6c0, 1
0x01adae00, 1
0x01adaea0, 1
0x01adaf40, 1
0x01adafe0, 1
0x01adb000, 1
0x01adb0a0, 1
0x01adb140, 1
0x01adb1e0, 1
0x01adb200, 1
0x01adb2a0, 1
0x01adb340, 1
0x01adb3e0, 1
0x01adb400, 1
0x01adb4a0, 1
0x01adb540, 1
0x01adb5e0, 1
0x01adb600, 1
0x01adb6a0, 1
0x01adb740, 1
0x01adb7e0, 1
0x01adb800, 1
0x01adb8a0, 1
0x01adb940, 1
0x01adb9e0, 1
0x01adba00, 1
0x01adbaa0, 1
0x01adbb40, 1
0x01adbbe0, 1
0x01adbc00, 1
0x01adbca0, 1
0x01adbd40, 1
0x01adbde0, 1
0x01adbe00, 1
0x01adbea0, 1
0x01adbf40, 1
0x01adbfe0, 1
0x01adc000, 1
0x01adc0a0, 1
0x02ab57c0, 1
0x02ab57e0, 1
0x02ab5800, 1
0x02ab5820, 1
0x02ab5840, 1
0x02ab5860, 1
0x02ab5880, 1
0x02ab58a0, 1
0x02ab58c0, 1
0x02ab58e0, 1
0x02ab5900, 1
0x02ab5940, 1
0x02ab5960, 1
0x02ab59a0, 1
0xff83f8e0, 1
0xff83f920, 1
0xff83f980, 1
0xff83f9c0, 1
0xff87f8e0, 1
0xff87f920, 1
0xff87f9a0, 1
0xff87f9c0, 1
0xff8bf8e0, 1
0xff8bf920, 1
0xff8bf940, 1
0xff8bf960, 1
0xff8bf9c0, 1
0xff8ff960, 1
0xff8ff980, 1
0xff8ff9c0, 1
0xff93f980, 1
0xff93f9a0, 1
0xff93f9c0, 1
0xff93f9e0, 1
0xff93fa00, 1
0xff93fa60, 1
0xff93faa0, 1
0xff97f980, 1
0xff97f9a0, 1
0xff97f9c0, 1
0xff97f9e0, 1
0xff97fa00, 1
0xff97fa40, 1
0xff97fa60, 1
0xff97fa80, 1
0xff97faa0, 1
0xff9bf980, 1
0xff9bf9a0, 1
0xff9bf9c0, 1
0xff9bf9e0, 1
0xff9bfa00, 1
0xff9ff980, 1
0xff9ff9a0, 1
0xff9ff9c0, 1
0xff9ff9e0, 1
0xff9ffa00, 1
0xff9ffa80, 1
0xffa3fa60, 1
0xffa3fa80, 1
0xffa3faa0, 1
0xffa3fb80, 1
0xffa7fa60, 1
0xffa7fa80, 1
0xffa7fb40, 1
0xffa7fb60, 1
0xffa7fb80, 1
0xffabfa60, 1
0xffabfa80, 1
0xffabfaa0, 1
0xffabfb40, 1
0xffaffa60, 1
0xffaffa80, 1
0xffaffaa0, 1
0xffaffb40, 1
0xffaffb60, 1
0xffb3fb40, 1
0xffb3fb60, 1
0xffb3fb80, 1
0xffb3fbe0, 1
0xffb3fc00, 1
0xffb3fc20, 1
0xffb3fc60, 1
0xffb7fb40, 1
0xffb7fb60, 1
0xffb7fb80, 1
0xffb7fbc0, 1
0xffb7fbe0, 1
0xffb7fc00, 1
0xffb7fc20, 1
0xffb7fc40, 1
0xffb7fc60, 1
0xffbbfb40, 1
0xffbbfb60, 1
0xffbbfb80, 1
0xffbbfba0, 1
0xffbbfbc0, 1
0xffbbfbe0, 1
0xffbbfc00, 1
0xffbbfc20, 1
0xffbffb40, 1
0xffbffb60, 1
0xffbffb80, 1
0xffbffba0, 1
0xffbffbe0, 1
0xffbffc00, 1
0xffbffc20, 1
0xffbffc60, 1
0xffc3fc20, 1
0xffc3fc40, 1
0xffc3fc60, 1
0xffc3fc80, 1
0xffc3fd00, 1
0xffc3fd20, 1
0xffc3fd40, 1
0xffc7fc20, 1
0xffc7fc40, 1
0xffc7fc60, 1
0xffc7fd40, 1
0xffcbfc20, 1
0xffcbfc40, 1
0xffcbfc60, 1
0xffcbfc80, 1
0xffcbfca0, 1
0xffcbfcc0, 1
0xffcbfd20, 1
0xffcffc20, 1
0xffcffc40, 1
0xffcffc60, 1
0xffcffc80, 1
0xffcffca0, 1
0xffcffcc0, 1
0xffcffd00, 1
0xffcffd40, 1
0xffd3fd00, 1
0xffd3fd20, 1
0xffd3fd40, 1
0xffd3fd60, 1
0xffd3fd80, 1
0xffd3fda0, 1
0xffd3fdc0, 1
0xffd3fde0, 1
0xffd3fe00, 1
0xffd3fe20, 1
0xffd7fd00, 1
0xffd7fd20, 1
0xffd7fd40, 1
0xffd7fd60, 1
0xffd7fd80, 1
0xffd7fda0, 1
0xffd7fdc0, 1
0xffd7fde0, 1
0xffd7fe00, 1
0xffdbfd00, 1
0xffdbfd20, 1
0xffdbfd40, 1
0xffdbfd60, 1
0xffdbfd80, 1
0xffdbfda0, 1
0xffdbfdc0, 1
0xffdbfde0, 1
0xffdbfe20, 1
0xffdffd00, 1
0xffdffd20, 1
0xffdffd40, 1
0xffdffd60, 1
0xffdffd80, 1
0xffdffda0, 1
0xffdffdc0, 1
0xffdffde0, 1
0xffdffe00, 1
0xffdffe20, 1
0xffe3fde0, 1
0xffe3fe00, 1
0xffe3fe20, 1
0xffe3fe40, 1
0xffe3fe60, 1
0xffe3fe80, 1
0xffe3fea0, 1
0xffe3fec0, 1
0xffe3fee0, 1
0xffe7fde0, 1
0xffe7fe00, 1
0xffe7fe20, 1
0xffe7fe40, 1
0xffe7fe60, 1
0xffe7fe80, 1
0xffe7fea0, 1
0xffe7fec0, 1
0xffe7fee0, 1
0xffebfde0, 1
0xffebfe00, 1
0xffebfe20, 1
0xffebfe40, 1
0xffebfe60, 1
0xffebfe80, 1
0xffebfea0, 1
0xffebfec0, 1
0xffebfee0, 1
0xffebff00, 1
0xffeffde0, 1
0xffeffe00, 1
0xffeffe20, 1
0xffeffe40, 1
0xffeffe60, 1
0xffeffe80, 1
0xffeffea0, 1
0xffeffec0, 1
0xffeffee0, 1
0xffefff00, 1
0xfff3fec0, 1
0xfff3fee0, 1
0xfff3ff00, 1
0xfff3ff20, 1
0xfff3ff40, 1
0xfff3ff60, 1
0xfff3ff80, 1
0xfff3ffc0, 1
0xfff7fec0, 1
0xfff7fee0, 1
0xfff7ff00, 1
0xfff7ff20, 1
0xfff7ff40, 1
0xfff7ff60, 1
0xfff7ff80, 1
0xfff7ffc0, 1
0xfffbfec0, 1
0xfffbfee0, 1
0xfffbff00, 1
0xfffbff20, 1
0xfffbff40, 1
0xfffbff60, 1
0xfffbff80, 1
0xfffbffc0, 1
0xfffffa80, 1
0xfffffaa0, 1
0xfffffac0, 1
0xfffffae0, 1
0xfffffb00, 1
0xfffffb20, 1
0xfffffb40, 1
0xfffffb60, 1
0xfffffb80, 1
0xfffffba0, 1
0xfffffbc0, 1
0xfffffbe0, 1
0xfffffc40, 1
0xfffffde0, 1
0xfffffe00, 1
0xfffffe20, 1
0xfffffe40, 1
0xfffffe60, 1
0xfffffe80, 1
0xfffffea0, 1
0xffffff80, 1
0xffffffc0, 1
