0x00000016, 223
0x00000017, 2
0x0000001a, 18
0x0000001b, 1
0x0000001e, 10
0x00000022, 1
0x00000024, 7
0x00000025, 1
0x0000002a, 1
0x0000002b, 2
0x00000030, 2
0x00000032, 14
0x00000033, 2
0x00000036, 141
0x00000037, 2
0x0000003d, 47
0x0000003e, 1
0x00000041, 6
0x00000042, 2
0x00000045, 3
0x00000047, 1
0x0000004a, 1
0x0000004b, 1
0x00000050, 2
0x00000053, 2
0x00000059, 5
0x0000005a, 1
0x0000005d, 30
0x0000005e, 1
0x00000077, 1
0x0000007b, 1
0x00000095, 1
0x00000098, 1
0x0000009c, 1
0x000000dc, 1
0x000000e0, 1
0x00000108, 1
0x00000112, 1
0x00000116, 1
0x0000015e, 1
0x0000016c, 1
0x00000170, 1
0x0000018c, 1
0x00000195, 1
0x000001a3, 1
0x000001a7, 1
0x000001aa, 1
0x00000214, 1
0x00000232, 1
0x0000026b, 1
0x00000271, 1
0x0000027f, 1
0x0000028a, 1
0x0000028b, 1
0x000002ad, 1
0x000002d2, 1
0x000002df, 1
0x00000301, 1
0x00000321, 1
0x0000033a, 1
0x0000037b, 1
0x000003b7, 1
